{
    "img_coord": [
        [
            1201.231201171875,
            647.8135375976562
        ],
        [
            1199.9049072265625,
            714.4164428710938
        ],
        [
            1198.5859375,
            780.1867065429688
        ],
        [
            1197.392822265625,
            845.0422973632812
        ],
        [
            1152.762451171875,
            661.8309936523438
        ],
        [
            1151.751220703125,
            729.48876953125
        ],
        [
            1150.7591552734375,
            796.2373657226562
        ],
        [
            1149.8232421875,
            862.0592041015625
        ],
        [
            1102.618896484375,
            676.4240112304688
        ],
        [
            1101.963134765625,
            745.1127319335938
        ],
        [
            1101.29052734375,
            812.8094482421875
        ],
        [
            1100.6151123046875,
            879.677490234375
        ],
        [
            1050.7884521484375,
            691.4285278320312
        ],
        [
            1050.4368896484375,
            761.251953125
        ],
        [
            1050.1571044921875,
            830.0341796875
        ],
        [
            1049.757568359375,
            897.9550170898438
        ],
        [
            946.7861328125,
            690.4647216796875
        ],
        [
            947.1441650390625,
            760.2134399414062
        ],
        [
            947.54248046875,
            828.9218139648438
        ],
        [
            947.82763671875,
            896.7567138671875
        ],
        [
            898.30078125,
            674.5436401367188
        ],
        [
            898.9121704101562,
            743.0413818359375
        ],
        [
            899.6487426757812,
            810.675048828125
        ],
        [
            900.3233642578125,
            877.4434204101562
        ],
        [
            851.5836181640625,
            659.1788330078125
        ],
        [
            852.51220703125,
            726.5241088867188
        ],
        [
            853.4622802734375,
            793.1057739257812
        ],
        [
            854.4071044921875,
            858.7457885742188
        ],
        [
            806.4151000976562,
            644.34130859375
        ],
        [
            807.6494750976562,
            710.6046752929688
        ],
        [
            808.8815307617188,
            776.1846923828125
        ],
        [
            810.173095703125,
            840.7352905273438
        ]
    ],
    "world_coord": [
        [
            40,
            0,
            40
        ],
        [
            40,
            0,
            30
        ],
        [
            40,
            0,
            20
        ],
        [
            40,
            0,
            10
        ],
        [
            30,
            0,
            40
        ],
        [
            30,
            0,
            30
        ],
        [
            30,
            0,
            20
        ],
        [
            30,
            0,
            10
        ],
        [
            20,
            0,
            40
        ],
        [
            20,
            0,
            30
        ],
        [
            20,
            0,
            20
        ],
        [
            20,
            0,
            10
        ],
        [
            10,
            0,
            40
        ],
        [
            10,
            0,
            30
        ],
        [
            10,
            0,
            20
        ],
        [
            10,
            0,
            10
        ],
        [
            0,
            10,
            40
        ],
        [
            0,
            10,
            30
        ],
        [
            0,
            10,
            20
        ],
        [
            0,
            10,
            10
        ],
        [
            0,
            20,
            40
        ],
        [
            0,
            20,
            30
        ],
        [
            0,
            20,
            20
        ],
        [
            0,
            20,
            10
        ],
        [
            0,
            30,
            40
        ],
        [
            0,
            30,
            30
        ],
        [
            0,
            30,
            20
        ],
        [
            0,
            30,
            10
        ],
        [
            0,
            40,
            40
        ],
        [
            0,
            40,
            30
        ],
        [
            0,
            40,
            20
        ],
        [
            0,
            40,
            10
        ]
    ],
    "fx": 2788.2456165380827,
    "fy": 2788.204075612773,
    "cx": 995.4462114188786,
    "cy": 564.3621805574594,
    "R": [
        [
            -0.7296176368626853,
            0.6838551424624572,
            0.0004981029643385126
        ],
        [
            0.17785251548538147,
            0.18905071064594814,
            0.9657268307030638
        ],
        [
            -0.6603230926708779,
            -0.7046999169376384,
            0.25956009006326997
        ]
    ],
    "T": [
        -0.24073748640792356,
        -57.668800678918764,
        -382.4411254869381
    ]
}